ref;description;category;color;composition;image
88116;Conjunto Saia Cargo Com Elastico No Cós E Fenda Laterais Blusa Basica Manga Curta;CONJUNTO;Preto;  6,00% ELASTANO   94,00% VISCOSE;88116 PRETO.jpg
88116;Conjunto Saia Cargo Com Elastico No Cós E Fenda Laterais Blusa Basica Manga Curta;CONJUNTO;Fuscia;  6,00% ELASTANO   94,00% VISCOSE;88116 FUSCIA.jpg
88116;Conjunto Saia Cargo Com Elastico No Cós E Fenda Laterais Blusa Basica Manga Curta;CONJUNTO;Verde Pistache;  6,00% ELASTANO   94,00% VISCOSE;88116 VERDE PISTACHE.jpg
88115;Conjunto Saia Midi Com Elastico No Cós E Fenda Lateral  E Blusa Regata Confort Flow;CONJUNTO;Cidra;100,00% POLIESTER;88115 CIDRA.jpg
88115;Conjunto Saia Midi Com Elastico No Cós E Fenda Lateral  E Blusa Regata Confort Flow;CONJUNTO;Terracota;100,00% POLIESTER;88115 TERRACOTA.jpg
88114;Conjunto Moletim Saia Midi Com Fenda Lateral Blusa Manga Curta Franzida;CONJUNTO;Preto;  6,00% ELASTANO   94,00% VISCOSE;88114 PRETO.jpg
88114;Conjunto Moletim Saia Midi Com Fenda Lateral Blusa Manga Curta Franzida;CONJUNTO;Verde;  6,00% ELASTANO   94,00% VISCOSE;88114 VERDE.jpg
88113;Conjunto De Calça Jogging Com Blusa Manga Longa Tricolor Moletim;CONJUNTO;Verde;  6,00% ELASTANO   94,00% VISCOSE;88113 VERDE.jpg
88112;Conjunto Blusa Manga Curta Com Botões No Ombro Decote V Calça Pantacourt Com Elastico Cós;CONJUNTO;Laranja;  8,00% POLIESTER   92,00% VISCOSE;88112 LARANJA.jpg
88112;Conjunto Blusa Manga Curta Com Botões No Ombro Decote V Calça Pantacourt Com Elastico Cós;CONJUNTO;Azul Piscina;  8,00% POLIESTER   92,00% VISCOSE;88112 AZUL PISCINA.jpg
88111;Conjunto De Alfaiataria Calça Jogging Com Elastico E Botões No Cós Blusa Manga Curta Com Pregas;CONJUNTO;Coral;  8,00% POLIESTER   92,00% VISCOSE;88111 CORAL.jpg
88110;Conjunto Linho De Calça Elastico Atras Com Casaqueto Botões Encapado;CONJUNTO;Preto;  2,00% ELASTANO   30,00% LINHO   68,00% VISCOSE;88110 PRETO.jpg
88110;Conjunto Linho De Calça Elastico Atras Com Casaqueto Botões Encapado;CONJUNTO;Telha;  2,00% ELASTANO   30,00% LINHO   68,00% VISCOSE;88110 TELHA.jpg
88108;Conjunto Short Meia Coxa Regata Alça Fina Listrado;CONJUNTO;Azul;100,00% ALGODAO;88108 AZUL.jpg
88108;Conjunto Short Meia Coxa Regata Alça Fina Listrado;CONJUNTO;Verde;100,00% ALGODAO;88108 VERDE.jpg
88107;Conjunto Calça Reta Blusa Manga Curta Com Botões Na Malha;CONJUNTO;Preto; 10,00% ELASTANO   90,00% POLIESTER;88107 PRETO.jpg
88106;Conjunto De Linho Bermuda Com Blusa Regata  Argola Na Alça;CONJUNTO;Preto;  2,00% ELASTANO   30,00% LINHO   68,00% VISCOSE;88106 PRETO.jpg
88105;Conj Blusa M C Com Prega Rec Atras Pantacourt C Lapela  E Botão No Cós;CONJUNTO;Preto;  2,00% ELASTANO   30,00% LINHO   68,00% VISCOSE;88105 PRETO.jpg
88105;Conj Blusa M C Com Prega Rec Atras Pantacourt C Lapela  E Botão No Cós;CONJUNTO;Oliva;  2,00% ELASTANO   30,00% LINHO   68,00% VISCOSE;88105 OLIVA.jpg
88104;Conjunto De Linho Bermuda Com Blusa Regata  Argola Na Alça;CONJUNTO;Preto;  3,00% ELASTANO   27,00% LINHO   70,00% VISCOSE;88104 PRETO.jpg
88103;Conj Blusa M C Com Prega Rec Atras Pantacourt C Lapela  E Botão No Cós;CONJUNTO;Preto;  3,00% ELASTANO   27,00% LINHO   70,00% VISCOSE;88103 PRETO.jpg
88102;Conjunto Blusa Ciganinha Com Short De Elastico No Denin;CONJUNTO;Indigo;  3,00% ELASTANO   27,00% POLIESTER   70,00% VISCOSE;88102 INDIGO.jpg
87102;Camisa Viscolinho Manga Longa Com Botões Frontais;CAMISA;Preto;100,00% VISCOSE;87102 PRETO.jpg
87101;Camisa Manga Longa Com Franzido E Punho Com Botões;CAMISA;Branco; 97,00% ALGODAO    3,00% ELASTANO;87101 BRANCO.jpg
87101;Camisa Manga Longa Com Franzido E Punho Com Botões;CAMISA;Magenta; 97,00% ALGODAO    3,00% ELASTANO;87101 MAGENTA.jpg
87101;Camisa Manga Longa Com Franzido E Punho Com Botões;CAMISA;Rosa Chiclete; 97,00% ALGODAO    3,00% ELASTANO;87101 ROSA CHICLETE.jpg
87101;Camisa Manga Longa Com Franzido E Punho Com Botões;CAMISA;Verde Agua; 97,00% ALGODAO    3,00% ELASTANO;87101 VERDE AGUA.jpg
85118;Bermuda  De Linho  Bolso Com Lapela E Botão Barra Italiana;BERMUDA;Natural;  3,00% ELASTANO   22,00% LINHO   75,00% VISCOSE;85118 NATURAL.jpg
85118;Bermuda  De Linho  Bolso Com Lapela E Botão Barra Italiana;BERMUDA;Verde Esmeralda;  3,00% ELASTANO   22,00% LINHO   75,00% VISCOSE;85118 VERDE ESMERALDA.jpg
85117;Short Meia Coxa Bengaline Barra Reta;SHORT;Preto;  3,00% ELASTANO   20,00% POLIAMIDA   77,00% VISCOSE;85117 PRETO.jpg
85117;Short Meia Coxa Bengaline Barra Reta;SHORT;Royal;  3,00% ELASTANO   20,00% POLIAMIDA   77,00% VISCOSE;85117 ROYAL.jpg
85117;Short Meia Coxa Bengaline Barra Reta;SHORT;Telha;  3,00% ELASTANO   20,00% POLIAMIDA   77,00% VISCOSE;85117 TELHA.jpg
85116;Short Meia Coxa Bengaline Barra Italiana;SHORT;Preto;  3,00% ELASTANO   23,00% POLIAMIDA   74,00% VISCOSE;85116 PRETO.jpg
85116;Short Meia Coxa Bengaline Barra Italiana;SHORT;Verde;  3,00% ELASTANO   23,00% POLIAMIDA   74,00% VISCOSE;85116 VERDE.jpg
85116;Short Meia Coxa Bengaline Barra Italiana;SHORT;Telha;  3,00% ELASTANO   23,00% POLIAMIDA   74,00% VISCOSE;85116 TELHA.jpg
85115;Bermuda Linho Cós Transpassado Bolso Falso Frente Com Botão;BERMUDA;Cidra;  3,00% ELASTANO   22,00% LINHO   75,00% VISCOSE;85115 CIDRA.jpg
85115;Bermuda Linho Cós Transpassado Bolso Falso Frente Com Botão;BERMUDA;Crocante;  3,00% ELASTANO   22,00% LINHO   75,00% VISCOSE;85115 CROCANTE.jpg
85112;Short Alfaiataria Com Laço;BERMUDA;Preto;  5,00% ELASTASNO   95,00% POLIESTER;85112 PRETO.jpg
85112;Short Alfaiataria Com Laço;BERMUDA;Coral;  5,00% ELASTASNO   95,00% POLIESTER;85112 CORAL.jpg
85111;Bermuda Com Lapelas E Cós Alfaiataria;BERMUDA;Preto;  5,00% ELASTASNO   95,00% POLIESTER;85111 PRETO.jpg
85111;Bermuda Com Lapelas E Cós Alfaiataria;BERMUDA;Verde;  5,00% ELASTASNO   95,00% POLIESTER;85111 VERDE.jpg
85109;Short Com Lapelas Frente E Botão;SHORT;Preto;  7,00% ELASTANO   93,00% POLIESTER;85109 PRETO.jpg
85108;Bermuda Helena Bengaline;BERMUDA;Preto;  3,00% ELASTANO   23,00% POLIAMIDA   74,00% VISCOSE;85108 PRETO.jpg
85108;Bermuda Helena Bengaline;BERMUDA;Royal;  3,00% ELASTANO   23,00% POLIAMIDA   74,00% VISCOSE;85108 ROYAL.jpg
85108;Bermuda Helena Bengaline;BERMUDA;Militar;  3,00% ELASTANO   23,00% POLIAMIDA   74,00% VISCOSE;85108 MILITAR.jpg
85108;Bermuda Helena Bengaline;BERMUDA;Coral;  3,00% ELASTANO   23,00% POLIAMIDA   74,00% VISCOSE;85108 CORAL.jpg
85107;Bermuda Bengaline Abertura Frente Botão Encapado;BERMUDA;Preto;  3,00% ELASTANO   23,00% POLIAMIDA   74,00% VISCOSE;85107 PRETO.jpg
85107;Bermuda Bengaline Abertura Frente Botão Encapado;BERMUDA;Verde Cana;  3,00% ELASTANO   23,00% POLIAMIDA   74,00% VISCOSE;85107 VERDE CANA.jpg
85107;Bermuda Bengaline Abertura Frente Botão Encapado;BERMUDA;Telha;  3,00% ELASTANO   23,00% POLIAMIDA   74,00% VISCOSE;85107 TELHA.jpg
85105;Bermuda Linho Cinto Com Argolas;BERMUDA;Oliva;  3,00% ELASTANO   22,00% LINHO   75,00% VISCOSE;85105 OLIVA.jpg
85105;Bermuda Linho Cinto Com Argolas;BERMUDA;Pink;  3,00% ELASTANO   22,00% LINHO   75,00% VISCOSE;85105 PINK.jpg
84169;Calça Capri Denin Preto Com Bolsos Frontais Elastico Cós E Amarração;CAPRI;Preto;  3,00% ELASTANO   32,00% POLIESTER   65,00% VISCOSE;84169 PRETO.jpg
84168;Capri Elastico No  Cós  Com Cordão E Ponteira E Barra Italiana;CAPRI;Azul Caribe;  2,00% ELASTANO   30,00% LINHO   68,00% VISCOSE;84168 AZUL CARIBE.jpg
84168;Capri Elastico No  Cós  Com Cordão E Ponteira E Barra Italiana;CAPRI;Papaya;  2,00% ELASTANO   30,00% LINHO   68,00% VISCOSE;84168 PAPAYA.jpg
84167;Calça Cigarrete Bengaline Com Elastico No Cós E Bolsos Chapados;CALCA;Preto;  3,00% ELASTANO   23,00% POLIAMIDA   74,00% VISCOSE;84167 PRETO.jpg
84167;Calça Cigarrete Bengaline Com Elastico No Cós E Bolsos Chapados;CALCA;Dijon;  3,00% ELASTANO   23,00% POLIAMIDA   74,00% VISCOSE;84167 DIJON.jpg
84167;Calça Cigarrete Bengaline Com Elastico No Cós E Bolsos Chapados;CALCA;Conhaque;  3,00% ELASTANO   23,00% POLIAMIDA   74,00% VISCOSE;84167 CONHAQUE.jpg
84166;Calça De Linho Reta Com Friso Botão Encapado E Lapelas Cós;CALCA;Preto;  2,00% ELASTANO   30,00% LINHO   68,00% VISCOSE;84166 PRETO.jpg
84166;Calça De Linho Reta Com Friso Botão Encapado E Lapelas Cós;CALCA;Oliva;  2,00% ELASTANO   30,00% LINHO   68,00% VISCOSE;84166 OLIVA.jpg
84166;Calça De Linho Reta Com Friso Botão Encapado E Lapelas Cós;CALCA;Natural;  2,00% ELASTANO   30,00% LINHO   68,00% VISCOSE;84166 NATURAL.jpg
84166;Calça De Linho Reta Com Friso Botão Encapado E Lapelas Cós;CALCA;Dunas;  2,00% ELASTANO   30,00% LINHO   68,00% VISCOSE;84166 DUNAS.jpg
84165;Calça Modeladora Boot Cut;CALCA;Preto; 13,00% ELASTANO   87,00% POLIESTER;84165 PRETO.jpg
84164;Calça Montaria Modeladora  Chapa Barriga;MONTARIA;Preto; 13,00% ELASTANO   87,00% POLIESTER;84164 PRETO.jpg
84163;Cigarrete Alfaiataria Com Friso Frontal E Bolso Laterais;CIGARRETTE;Preto;  5,00% ELASTANO   95,00% POLIESTER;84163 PRETO.jpg
84162;Calça Cigarrete Bengaline Com Costura Frontal Elastico Cós E Botões Falsos;CALCA;Preto;  3,00% ELASTANO   23,00% POLIAMIDA   74,00% VISCOSE;84162 PRETO.jpg
84162;Calça Cigarrete Bengaline Com Costura Frontal Elastico Cós E Botões Falsos;CALCA;Militar;  3,00% ELASTANO   23,00% POLIAMIDA   74,00% VISCOSE;84162 MILITAR.jpg
84162;Calça Cigarrete Bengaline Com Costura Frontal Elastico Cós E Botões Falsos;CALCA;Conhaque;  3,00% ELASTANO   23,00% POLIAMIDA   74,00% VISCOSE;84162 CONHAQUE.jpg
84161;Calça Jogging Moletim Com Elastico No Cós E Punho Embaixo;JOGGING;Preto;  6,00% ELASTANO   94,00% VISCOSE;84161 PRETO.jpg
84161;Calça Jogging Moletim Com Elastico No Cós E Punho Embaixo;JOGGING;Mescla;  6,00% ELASTANO   94,00% VISCOSE;84161 MESCLA.jpg
84160;Calça Reta Moletim Com Bolso Chapado Frontal Elastico No Cós;CALCA;Preto;  6,00% ELASTANO   94,00% VISCOSE;84160 PRETO.jpg
84160;Calça Reta Moletim Com Bolso Chapado Frontal Elastico No Cós;CALCA;Mescla;  6,00% ELASTANO   94,00% VISCOSE;84160 MESCLA.jpg
84159;Calça De Linho Reta Com Friso Botão Encapado E Lapelas Cós;CALCA;Avela;  3,00% ELASTANO   22,00% LINHO   75,00% VISCOSE;84159 AVELA.jpg
84159;Calça De Linho Reta Com Friso Botão Encapado E Lapelas Cós;CALCA;Natural;  3,00% ELASTANO   22,00% LINHO   75,00% VISCOSE;84159 NATURAL.jpg
84159;Calça De Linho Reta Com Friso Botão Encapado E Lapelas Cós;CALCA;Pinho;  3,00% ELASTANO   22,00% LINHO   75,00% VISCOSE;84159 PINHO.jpg
84158;Calça Pantalona Viscose Sarjada Elastico No Cós;CALCA;Preto;100,00% VISCOSE;84158 PRETO.jpg
84158;Calça Pantalona Viscose Sarjada Elastico No Cós;CALCA;Royal;100,00% VISCOSE;84158 ROYAL.jpg
84158;Calça Pantalona Viscose Sarjada Elastico No Cós;CALCA;Vinho;100,00% VISCOSE;84158 VINHO.jpg
84158;Calça Pantalona Viscose Sarjada Elastico No Cós;CALCA;Militar;100,00% VISCOSE;84158 MILITAR.jpg
84157;Calça Capri Linho Com Elastico Atras Cinto E Botões  Na Perna;CALCA;Preto;  3,00% ELASTANO   22,00% LINHO   75,00% VISCOSE;84157 PRETO.jpg
84157;Calça Capri Linho Com Elastico Atras Cinto E Botões  Na Perna;CALCA;Crocante;  3,00% ELASTANO   22,00% LINHO   75,00% VISCOSE;84157 CROCANTE.jpg
84157;Calça Capri Linho Com Elastico Atras Cinto E Botões  Na Perna;CALCA;Azul Bic;  3,00% ELASTANO   22,00% LINHO   75,00% VISCOSE;84157 AZUL BIC.jpg
84156;Calça Flair De Bengaline Com Costura Frontal;CALCA;Marinho;  4,00% ELASTANO   18,00% POLIAMIDA   78,00% VISCOSE;84156 MARINHO.jpg
84155;Calça Pantacour C/Bolso Frontal, Cinto E Elastico Atras;PANTACOURT;Azul Piscina;  8,00% POLIESTER   92,00% VISCOSE;84155 AZUL PISCINA.jpg
84155;Calça Pantacour C/Bolso Frontal, Cinto E Elastico Atras;PANTACOURT;Rosa Chiclete;  8,00% POLIESTER   92,00% VISCOSE;84155 ROSA CHICLETE.jpg
84153;Calça Pantacourt Alfaiataria;PANTACOURT;Preto;  5,00% ELASTASNO   95,00% POLIESTER;84153 PRETO.jpg
84153;Calça Pantacourt Alfaiataria;PANTACOURT;Verde;  5,00% ELASTASNO   95,00% POLIESTER;84153 VERDE.jpg
84152;Calça Cigarrete Social Alfaiataria Com Frizo;CALCA;Preto;  5,00% ELASTASNO   95,00% POLIESTER;84152 PRETO.jpg
84152;Calça Cigarrete Social Alfaiataria Com Frizo;CALCA;Coral;  5,00% ELASTASNO   95,00% POLIESTER;84152 CORAL.jpg
84150;Calça Montaria Modeladora  Seca Barriga;MONTARIA;Preto; 12,00% ELASTANO   88,00% POLIAMIDA;84150 PRETO.jpg
84147;Calça Jogging De Bengaline Com Botão;JOGGING;Preto;  3,00% ELASTANO   23,00% POLIAMIDA   74,00% VISCOSE;84147 PRETO.jpg
84147;Calça Jogging De Bengaline Com Botão;JOGGING;Militar;  3,00% ELASTANO   23,00% POLIAMIDA   74,00% VISCOSE;84147 MILITAR.jpg
84147;Calça Jogging De Bengaline Com Botão;JOGGING;Telha;  3,00% ELASTANO   23,00% POLIAMIDA   74,00% VISCOSE;84147 TELHA.jpg
84146;Calça Capri Plano Lisa;CALCA;Preto;  3,00% ELASTANO   23,00% POLIAMIDA   74,00% VISCOSE;84146 PRETO.jpg
84146;Calça Capri Plano Lisa;CALCA;Militar;  3,00% ELASTANO   23,00% POLIAMIDA   74,00% VISCOSE;84146 MILITAR.jpg
84146;Calça Capri Plano Lisa;CALCA;Telha;  3,00% ELASTANO   23,00% POLIAMIDA   74,00% VISCOSE;84146 TELHA.jpg
84145;Calça Flair De Bengaline;CALCA;Preto;  3,00% ELASTANO   23,00% POLIAMIDA   74,00% VISCOSE;84145 PRETO.jpg
84145;Calça Flair De Bengaline;CALCA;Telha;  3,00% ELASTANO   23,00% POLIAMIDA   74,00% VISCOSE;84145 TELHA.jpg
84144;Calça Cigarrete Basica De Bengaline;CALCA;Preto;  3,00% ELASTANO   23,00% POLIAMIDA   74,00% VISCOSE;84144 PRETO.jpg
84144;Calça Cigarrete Basica De Bengaline;CALCA;Royal;  3,00% ELASTANO   23,00% POLIAMIDA   74,00% VISCOSE;84144 ROYAL.jpg
84144;Calça Cigarrete Basica De Bengaline;CALCA;Militar;  3,00% ELASTANO   23,00% POLIAMIDA   74,00% VISCOSE;84144 MILITAR.jpg
84144;Calça Cigarrete Basica De Bengaline;CALCA;Telha;  3,00% ELASTANO   23,00% POLIAMIDA   74,00% VISCOSE;84144 TELHA.jpg
84141;Calça Modeladora Boot Cut;CALCA;Preto;  7,00% ELASTANO   93,00% POLIESTER;84141 PRETO.jpg
84140;Calça Modeladora Reta Abertura Barra;CALCA;Preto;  7,00% ELASTANO   93,00% POLIESTER;84140 PRETO.jpg
84139;Calça Montaria Modeladora  Seca Barriga;MONTARIA;Preto;  7,00% ELASTANO   93,00% POLIESTER;84139 PRETO.jpg
84138;Calça Capri Linho Lapela Com Botão No Cós;CALCA;Preto;  3,00% ELASTANO   22,00% LINHO   75,00% VISCOSE;84138 PRETO.jpg
84138;Calça Capri Linho Lapela Com Botão No Cós;CALCA;Oliva;  3,00% ELASTANO   22,00% LINHO   75,00% VISCOSE;84138 OLIVA.jpg
84138;Calça Capri Linho Lapela Com Botão No Cós;CALCA;Natural;  3,00% ELASTANO   22,00% LINHO   75,00% VISCOSE;84138 NATURAL.jpg
84138;Calça Capri Linho Lapela Com Botão No Cós;CALCA;Pinho;  3,00% ELASTANO   22,00% LINHO   75,00% VISCOSE;84138 PINHO.jpg
84137;Calça Linho Reta Com Faixa De Cinto Bolso Faca Falso Na Frente E Bolsos Traseiros Funcionais;CALCA;Oliva;  3,00% ELASTANO   22,00% LINHO   75,00% VISCOSE;84137 OLIVA.jpg
84137;Calça Linho Reta Com Faixa De Cinto Bolso Faca Falso Na Frente E Bolsos Traseiros Funcionais;CALCA;Natural;  3,00% ELASTANO   22,00% LINHO   75,00% VISCOSE;84137 NATURAL.jpg
84136;Calça Pantacourt Viscose Denim Com Botões;PANTACOURT;Indigo;  3,00% ELASTANO   32,00% POLIESTER   65,00% VISCOSE;84136 INDIGO.jpg
84135;Calça Pantacourt Plano Denim;PANTACOURT;Indigo;  3,00% ELASTANO   32,00% POLIESTER   65,00% VISCOSE;84135 INDIGO.jpg
84134;Calça Jogger Viscose Denim Cós E Barra Com Elástico Recorte Com Bolso Com Frontal;JOGGING;Preto;  3,00% ELASTANO   32,00% POLIESTER   65,00% VISCOSE;84134 PRETO.jpg
84133;Calça Montaria Básica Micro Roma Zíper Falso;LEGGING;Marinho;  5,00% ELASTANO   95,00% POLIESTER;84133 MARINHO.jpg
84133;Calça Montaria Básica Micro Roma Zíper Falso;LEGGING;Militar;  5,00% ELASTANO   95,00% POLIESTER;84133 MILITAR.jpg
84133;Calça Montaria Básica Micro Roma Zíper Falso;LEGGING;Telha;  5,00% ELASTANO   95,00% POLIESTER;84133 TELHA.jpg
84132;Calça  Viscose Sarjada Reta Cós Com Duas Pences Fivela E Elástico Bolso Faca;CALCA;Verde Agua;100,00% VISCOSE;84132 VERDE AGUA.jpg
84132;Calça  Viscose Sarjada Reta Cós Com Duas Pences Fivela E Elástico Bolso Faca;CALCA;Coral;100,00% VISCOSE;84132 CORAL.jpg
84131;Calça Pantacourt Linho Cós Com Amarração E Elástico Bolso Faca E Abertura Na Barra;PANTACOURT;Natural;  4,00% ALGODAO   15,00% LINHIO   63,00% POLIESTER   18,00% VISCOSE;84131 NATURAL.jpg
84123;Calça Flair De Bengaline Com Fenda Frontal;CALCA;Preto;  4,00% ELASTANO   18,00% POLIAMIDA   78,00% VISCOSE;84123 PRETO.jpg
84118;Calça Reta Modeladora Microgorgurinho Pala Arredondada Recortes Laterais Com Abertura Na Barra;CALCA;Preto; 12,00% ELASTANO   75,00% POLIAMIDA   13,00% POLIESTER;84118 PRETO.jpg
84118;Calça Reta Modeladora Microgorgurinho Pala Arredondada Recortes Laterais Com Abertura Na Barra;CALCA;Marinho; 12,00% ELASTANO   75,00% POLIAMIDA   13,00% POLIESTER;84118 MARINHO.jpg
84118;Calça Reta Modeladora Microgorgurinho Pala Arredondada Recortes Laterais Com Abertura Na Barra;CALCA;Musgo; 12,00% ELASTANO   75,00% POLIAMIDA   13,00% POLIESTER;84118 MUSGO.jpg
84117;Calça Boot Cut Modeladora Microgorgurinho Cós Com Três Palas E Recorte Quadril;CALCA;Preto; 12,00% ELASTANO   75,00% POLIAMIDA   13,00% POLIESTER;84117 PRETO.jpg
84117;Calça Boot Cut Modeladora Microgorgurinho Cós Com Três Palas E Recorte Quadril;CALCA;Marinho; 12,00% ELASTANO   75,00% POLIAMIDA   13,00% POLIESTER;84117 MARINHO.jpg
84117;Calça Boot Cut Modeladora Microgorgurinho Cós Com Três Palas E Recorte Quadril;CALCA;Musgo; 12,00% ELASTANO   75,00% POLIAMIDA   13,00% POLIESTER;84117 MUSGO.jpg
84115;Calça Montaria Básica Microgorgurinho Zíper Falso;LEGGING;Preto; 12,00% ELASTANO   75,00% POLIAMIDA   13,00% POLIESTER;84115 PRETO.jpg
84115;Calça Montaria Básica Microgorgurinho Zíper Falso;LEGGING;Marinho; 12,00% ELASTANO   75,00% POLIAMIDA   13,00% POLIESTER;84115 MARINHO.jpg
84115;Calça Montaria Básica Microgorgurinho Zíper Falso;LEGGING;Musgo; 12,00% ELASTANO   75,00% POLIAMIDA   13,00% POLIESTER;84115 MUSGO.jpg
84114;Calça Montaria Modeladora Microgorgurinho Recorte Duplo Quadril E Recorte Frontal;MONTARIA;Preto; 12,00% ELASTANO   75,00% POLIAMIDA   13,00% POLIESTER;84114 PRETO.jpg
84114;Calça Montaria Modeladora Microgorgurinho Recorte Duplo Quadril E Recorte Frontal;MONTARIA;Marinho; 12,00% ELASTANO   75,00% POLIAMIDA   13,00% POLIESTER;84114 MARINHO.jpg
84114;Calça Montaria Modeladora Microgorgurinho Recorte Duplo Quadril E Recorte Frontal;MONTARIA;Musgo; 12,00% ELASTANO   75,00% POLIAMIDA   13,00% POLIESTER;84114 MUSGO.jpg
84113;Calça Microgorgurinho Reta Com Nervuras;CALCA;Preto; 12,00% ELASTANO   75,00% POLIAMIDA   13,00% POLIESTER;84113 PRETO.jpg
84113;Calça Microgorgurinho Reta Com Nervuras;CALCA;Marinho; 12,00% ELASTANO   75,00% POLIAMIDA   13,00% POLIESTER;84113 MARINHO.jpg
84113;Calça Microgorgurinho Reta Com Nervuras;CALCA;Musgo; 12,00% ELASTANO   75,00% POLIAMIDA   13,00% POLIESTER;84113 MUSGO.jpg
84112;"Calça Montaria Microgorgurinho ""Chapa Barriga""  Cós Triplo Com Recortes";MONTARIA;Preto; 12,00% ELASTANO   75,00% POLIAMIDA   13,00% POLIESTER;84112 PRETO.jpg
84112;"Calça Montaria Microgorgurinho ""Chapa Barriga""  Cós Triplo Com Recortes";MONTARIA;Marinho; 12,00% ELASTANO   75,00% POLIAMIDA   13,00% POLIESTER;84112 MARINHO.jpg
84112;"Calça Montaria Microgorgurinho ""Chapa Barriga""  Cós Triplo Com Recortes";MONTARIA;Musgo; 12,00% ELASTANO   75,00% POLIAMIDA   13,00% POLIESTER;84112 MUSGO.jpg
84109;Montaria Recortes;MONTARIA;Marinho;  6,50% ELASTANO   93,50% POLIAMIDA;84109 MARINHO.jpg
84107;Calca Malha Lisa;CALCA;Marinho;  6,50% ELASTANO   93,50% POLIAMIDA;84107 MARINHO.jpg
84106;Pantacourt;PANTACOURT;Marinho;  4,00% ELASTANO   96,00% POLIESTER;84106 MARINHO.jpg
84106;Pantacourt;PANTACOURT;Pink;  4,00% ELASTANO   96,00% POLIESTER;84106 PINK.jpg
84103;Calça Jogging De Bengaline Com Amarração;JOGGING;Preto;  3,00% ELASTANO   23,00% POLIAMIDA   74,00% VISCOSE;84103 PRETO.jpg
84103;Calça Jogging De Bengaline Com Amarração;JOGGING;Royal;  3,00% ELASTANO   23,00% POLIAMIDA   74,00% VISCOSE;84103 ROYAL.jpg
84103;Calça Jogging De Bengaline Com Amarração;JOGGING;Militar;  3,00% ELASTANO   23,00% POLIAMIDA   74,00% VISCOSE;84103 MILITAR.jpg
84103;Calça Jogging De Bengaline Com Amarração;JOGGING;Conhaque;  3,00% ELASTANO   23,00% POLIAMIDA   74,00% VISCOSE;84103 CONHAQUE.jpg
84103;Calça Jogging De Bengaline Com Amarração;JOGGING;Telha;  3,00% ELASTANO   23,00% POLIAMIDA   74,00% VISCOSE;84103 TELHA.jpg
84103;Calça Jogging De Bengaline Com Amarração;JOGGING;Marinho;  3,00% ELASTANO   23,00% POLIAMIDA   74,00% VISCOSE;84103 MARINHO.jpg
84102;Calça Capri Plano Lisa;CALCA;Marinho;  4,00% ELASTANO   18,00% POLIAMIDA   78,00% VISCOSE;84102 MARINHO.jpg
84102;Calça Capri Plano Lisa;CALCA;Goiaba;  4,00% ELASTANO   18,00% POLIAMIDA   78,00% VISCOSE;84102 GOIABA.jpg
83102;Saia Em Malha Listrada Com Bolsos Frontais Cordão E Ponteiras E Fendas Laterais;SAIA;Preto;  2,00% ELASTANO   49,00% POLIESTER   49,00% VISCOSE;83102 PRETO.jpg
83102;Saia Em Malha Listrada Com Bolsos Frontais Cordão E Ponteiras E Fendas Laterais;SAIA;Magenta;  2,00% ELASTANO   49,00% POLIESTER   49,00% VISCOSE;83102 MAGENTA.jpg
83101;Saia De Linho Midi Com Bolsos Frontal Faixa De Amarração Presa Nas Laterais Ziper Atras Fendas Later;SAIA;Natural;  5,00% ALGODAO    3,00% ELASTANO   15,00% LINHO   60,00% POLIESTER   17,00% VISCOSE;83101 NATURAL.jpg
82147;Vestido Viscolycra Com Manga Curta Babado Bara Listrado;VESTIDO;Preto;  3,00% ELASTANO   11,00% POLIESTER   86,00% VISCOSE;82147 PRETO.jpg
82147;Vestido Viscolycra Com Manga Curta Babado Bara Listrado;VESTIDO;Verde Bandeira;  3,00% ELASTANO   11,00% POLIESTER   86,00% VISCOSE;82147 VERDE BANDEIRA.jpg
82147;Vestido Viscolycra Com Manga Curta Babado Bara Listrado;VESTIDO;Pink;  3,00% ELASTANO   11,00% POLIESTER   86,00% VISCOSE;82147 PINK.jpg
82146;Vestido Malha Listrada Midi Com Fendas Laterais;VESTIDO;Preto;  2,00% ELASTANO   49,00% POLIESTER   49,00% VISCOSE;82146 PRETO.jpg
82146;Vestido Malha Listrada Midi Com Fendas Laterais;VESTIDO;Magenta;  2,00% ELASTANO   49,00% POLIESTER   49,00% VISCOSE;82146 MAGENTA.jpg
82146;Vestido Malha Listrada Midi Com Fendas Laterais;VESTIDO;Marinho;  2,00% ELASTANO   49,00% POLIESTER   49,00% VISCOSE;82146 MARINHO.jpg
82145;Vestido Viscose Com Alças Largas  Babado Barra Ziper Nas Costas E Forro;VESTIDO;Lima;100,00% POLIESTER;82145 LIMA.jpg
82144;Vestido Moletim Manga Curta Com Ilhós No Decote E Bolsos Frontais;VESTIDO;Preto;  6,00% ELASTANO   94,00% VISCOSE;82144 PRETO.jpg
82144;Vestido Moletim Manga Curta Com Ilhós No Decote E Bolsos Frontais;VESTIDO;Fuscia;  6,00% ELASTANO   94,00% VISCOSE;82144 FUSCIA.jpg
82144;Vestido Moletim Manga Curta Com Ilhós No Decote E Bolsos Frontais;VESTIDO;Goiaba;  6,00% ELASTANO   94,00% VISCOSE;82144 GOIABA.jpg
82143;Vestido Viscolinho Com Manga Gode Modelo Cachequer Com Amarração De Lado;VESTIDO;Rosa;100,00% POLIESTER;82143 ROSA.jpg
82143;Vestido Viscolinho Com Manga Gode Modelo Cachequer Com Amarração De Lado;VESTIDO;Caramelo;100,00% POLIESTER;82143 CARAMELO.jpg
82142;Vestido Plano Estampado Com Duas Fendas Frontais E Elástico Na Manga;VESTIDO;Preto;100,00% POLIESTER;82142 PRETO.jpg
82142;Vestido Plano Estampado Com Duas Fendas Frontais E Elástico Na Manga;VESTIDO;Verde;100,00% POLIESTER;82142 VERDE.jpg
82141;Vestido Viscose Listrado Com Recortes Frontais Forrado E Cinto;VESTIDO;Verde;100,00% POLIESTER;82141 VERDE.jpg
82141;Vestido Viscose Listrado Com Recortes Frontais Forrado E Cinto;VESTIDO;Fuscia;100,00% POLIESTER;82141 FUSCIA.jpg
82140;Vestido Malha Com Detalhe No Decote Recorte E Fenda Frontal;VESTIDO;Preto;  2,00% ELASTANO   98,00% VISCOSE;82140 PRETO.jpg
82140;Vestido Malha Com Detalhe No Decote Recorte E Fenda Frontal;VESTIDO;Verde;  2,00% ELASTANO   98,00% VISCOSE;82140 VERDE.jpg
82140;Vestido Malha Com Detalhe No Decote Recorte E Fenda Frontal;VESTIDO;Violeta;  2,00% ELASTANO   98,00% VISCOSE;82140 VIOLETA.jpg
82139;Vestido Viscose Com Elastex Nas Costas Recorte Na Cintura Decote V Babado Barra;VESTIDO;Preto; 44,00% POLIESTER   56,00% VISCOSE;82139 PRETO.jpg
82139;Vestido Viscose Com Elastex Nas Costas Recorte Na Cintura Decote V Babado Barra;VESTIDO;Pink; 44,00% POLIESTER   56,00% VISCOSE;82139 PINK.jpg
82138;Vestido Viscolinho Poa Curto Com Colisê Na Cintura E Babado Barra;VESTIDO;Preto;100,00% POLIESTER;82138 PRETO.jpg
82138;Vestido Viscolinho Poa Curto Com Colisê Na Cintura E Babado Barra;VESTIDO;Lima;100,00% POLIESTER;82138 LIMA.jpg
82136;Vestido Viscolinho Com Alça Larga Babado Gode E Botôes Falso;VESTIDO;Laranja;100,00% VISCOSE;82136 LARANJA.jpg
82136;Vestido Viscolinho Com Alça Larga Babado Gode E Botôes Falso;VESTIDO;Verde;100,00% VISCOSE;82136 VERDE.jpg
82135;Vestido Manga Curta Com Amarração Falsa Fenda Na Frente  Alfaiataria;VESTIDO;Verde Jade;  8,00% POLIESTER   92,00% VISCOSE;82135 VERDE JADE.jpg
82135;Vestido Manga Curta Com Amarração Falsa Fenda Na Frente  Alfaiataria;VESTIDO;Coral;  8,00% POLIESTER   92,00% VISCOSE;82135 CORAL.jpg
82134;Vestido Animal Print Viscolinho Manga Curta Com Lastex Babado Na Barra E Cinto;VESTIDO;Crocante;100,00% VISCOSE;82134 CROCANTE.jpg
82133;Vestido De Viscose Decote Quadrado Com Recorte Franzido E Elastico;VESTIDO;Pink;100,00% VISCOSE;82133 PINK.jpg
82133;Vestido De Viscose Decote Quadrado Com Recorte Franzido E Elastico;VESTIDO;Azul Bic;100,00% VISCOSE;82133 AZUL BIC.jpg
82132;Vestido Viscolycra Cavado Listrado Com Recorte Frontal;VESTIDO;Preto;  3,00% ELASTANO   11,00% POLIESTER   86,00% VISCOSE;82132 PRETO.jpg
82132;Vestido Viscolycra Cavado Listrado Com Recorte Frontal;VESTIDO;Marinho;  3,00% ELASTANO   11,00% POLIESTER   86,00% VISCOSE;82132 MARINHO.jpg
82132;Vestido Viscolycra Cavado Listrado Com Recorte Frontal;VESTIDO;Verde;  3,00% ELASTANO   11,00% POLIESTER   86,00% VISCOSE;82132 VERDE.jpg
82131;Vestido Viscolycra Listrado Com Manga Curta E Gola Polo;VESTIDO;Preto;  3,00% ELASTANO   11,00% POLIESTER   86,00% VISCOSE;82131 PRETO.jpg
82131;Vestido Viscolycra Listrado Com Manga Curta E Gola Polo;VESTIDO;Verde Bandeira;  3,00% ELASTANO   11,00% POLIESTER   86,00% VISCOSE;82131 VERDE BANDEIRA.jpg
82131;Vestido Viscolycra Listrado Com Manga Curta E Gola Polo;VESTIDO;Pink;  3,00% ELASTANO   11,00% POLIESTER   86,00% VISCOSE;82131 PINK.jpg
82129;Vestido Midi Denin Ciganinha Alça Removivel Com Cinto De Pingente;VESTIDO;Indigo;  3,00% ELASTANO   27,00% POLIESTER   70,00% VISCOSE;82129 INDIGO.jpg
82128;Vestido Com Alça Larga C/ Babado Decote V E Faixa No Viscolinho C/ Forro;VESTIDO;Verde Menta;100,00% VISCOSE;82128 VERDE MENTA.jpg
82128;Vestido Com Alça Larga C/ Babado Decote V E Faixa No Viscolinho C/ Forro;VESTIDO;Coral;100,00% VISCOSE;82128 CORAL.jpg
82127;Vestido Midi Dec Princesa Franzido No Busto M/C C Elastico;VESTIDO;Preto;100,00% POLIESTER;82127 PRETO.jpg
82127;Vestido Midi Dec Princesa Franzido No Busto M/C C Elastico;VESTIDO;Magenta;100,00% POLIESTER;82127 MAGENTA.jpg
82127;Vestido Midi Dec Princesa Franzido No Busto M/C C Elastico;VESTIDO;Royal;100,00% POLIESTER;82127 ROYAL.jpg
82125;Vestido Viscose Sarjada Midi Babado E Com Forro;VESTIDO;Royal;100,00% POLIESTER;82125 ROYAL.jpg
82125;Vestido Viscose Sarjada Midi Babado E Com Forro;VESTIDO;Fuscia;100,00% POLIESTER;82125 FUSCIA.jpg
82125;Vestido Viscose Sarjada Midi Babado E Com Forro;VESTIDO;Rosa Chiclete;100,00% POLIESTER;82125 ROSA CHICLETE.jpg
82124;Vestido Recortes Com Babados Viscose;VESTIDO;Marinho;  3,00% ELASTANO   97,00% VISCOSE;82124 MARINHO.jpg
82118;Vestido Viscose Estampada Curto Manga Transpassada E Amarração Nas Costas;VESTIDO;Laranja;100,00% VISCOSE;82118 LARANJA.jpg
82118;Vestido Viscose Estampada Curto Manga Transpassada E Amarração Nas Costas;VESTIDO;Verde;100,00% VISCOSE;82118 VERDE.jpg
82116;Vestido Viscose Sarjada Curto Com Amarração No Decote Manga Sino;VESTIDO;Lilas;100,00% VISCOSE;82116 LILAS.jpg
82116;Vestido Viscose Sarjada Curto Com Amarração No Decote Manga Sino;VESTIDO;Pink;100,00% VISCOSE;82116 PINK.jpg
82115;Vestido Linho Sem Manga Fenda Frontal E Cinto Com Fivela Encapada;VESTIDO;Goiaba;  4,00% ALGODAO   15,00% LINHIO   63,00% POLIESTER   18,00% VISCOSE;82115 GOIABA.jpg
82115;Vestido Linho Sem Manga Fenda Frontal E Cinto Com Fivela Encapada;VESTIDO;Natural;  4,00% ALGODAO   15,00% LINHIO   63,00% POLIESTER   18,00% VISCOSE;82115 NATURAL.jpg
82111;Vestido Plano Estampado Com Duas Fendas Frontais E Elástico Na Manga;VESTIDO;Verde;100,00% VISCOSE;82111 VERDE.jpg
82103;Vestido Malha Canelada Midi Com Manga Decote Redondo Pala Falsa Com Botões E Fenda Frontal;VESTIDO;Preto;  7,00% ELASTANO   93,00% POLIESTER;82103 PRETO.jpg
82103;Vestido Malha Canelada Midi Com Manga Decote Redondo Pala Falsa Com Botões E Fenda Frontal;VESTIDO;Pink;  7,00% ELASTANO   93,00% POLIESTER;82103 PINK.jpg
82103;Vestido Malha Canelada Midi Com Manga Decote Redondo Pala Falsa Com Botões E Fenda Frontal;VESTIDO;Verde Agua;  7,00% ELASTANO   93,00% POLIESTER;82103 VERDE AGUA.jpg
80159;Blusa Animal Print Viscolinho Decote Com Botões E Manga Franzida Com Punho E Botão;BLUSA;Caramelo;100,00% VISCOSE;80159 CARAMELO.jpg
80159;Blusa Animal Print Viscolinho Decote Com Botões E Manga Franzida Com Punho E Botão;BLUSA;Coral;100,00% VISCOSE;80159 CORAL.jpg
80156;Blusa Listrada Viscolycra Decote Redondo Manga Curta;BLUSA;Preto;  3,00% ELASTANO   11,00% POLIESTER   86,00% VISCOSE;80156 PRETO.jpg
80156;Blusa Listrada Viscolycra Decote Redondo Manga Curta;BLUSA;Verde Bandeira;  3,00% ELASTANO   11,00% POLIESTER   86,00% VISCOSE;80156 VERDE BANDEIRA.jpg
80156;Blusa Listrada Viscolycra Decote Redondo Manga Curta;BLUSA;Pink;  3,00% ELASTANO   11,00% POLIESTER   86,00% VISCOSE;80156 PINK.jpg
80155;Blusa Manga Curta Com Elastico No Ombro E Amarração Decote;BLUSA;Preto;100,00% POLIESTER;80155 PRETO.jpg
80155;Blusa Manga Curta Com Elastico No Ombro E Amarração Decote;BLUSA;Verde;100,00% POLIESTER;80155 VERDE.jpg
80154;Blusa Manga Curta Com Detalhe Renda;BLUSA;Branco;100,00% POLIESTER;80154 BRANCO.jpg
80153;Blusa Viscolinho Decote Quadrado Manga Bufante Com Lastex;BLUSA;Laranja;100,00% VISCOSE;80153 LARANJA.jpg
80153;Blusa Viscolinho Decote Quadrado Manga Bufante Com Lastex;BLUSA;Lima;100,00% VISCOSE;80153 LIMA.jpg
80152;Blusa Viscolycra De Poá Com Pala E Amarração Na Barra;BLUSA;Marinho;  5,00% ELASTANO   95,00% VISCOSE;80152 MARINHO.jpg
80152;Blusa Viscolycra De Poá Com Pala E Amarração Na Barra;BLUSA;Verde;  5,00% ELASTANO   95,00% VISCOSE;80152 VERDE.jpg
80151;Blusa Viscolycra De Poá Com Amarração No Busto E Mangas Bufantes;BLUSA;Verde;  5,00% ELASTANO   95,00% VISCOSE;80151 VERDE.jpg
80151;Blusa Viscolycra De Poá Com Amarração No Busto E Mangas Bufantes;BLUSA;Off White;  5,00% ELASTANO   95,00% VISCOSE;80151 OFF WHITE.jpg
80150;Blusa Malha Viscolycra Animal Print;BLUSA;Verde;  5,00% ELASTANO   95,00% VISCOSE;80150 VERDE.jpg
80149;Blusa Manga Longa  Punho Com Botões Encapados Franzido Nos Ombros;BLUSA;Bordo;  7,00% ELASTANO   93,00% POLIESTER;80149 BORDO.jpg
80148;Blusa Decote Princesa Franzido No Busto Manga Sino Lastex Atras Tecido Super  Soft;BLUSA;Verde;100,00% POLIÉSTER;80148 VERDE.jpg
80148;Blusa Decote Princesa Franzido No Busto Manga Sino Lastex Atras Tecido Super  Soft;BLUSA;Pink;100,00% POLIÉSTER;80148 PINK.jpg
80147;Blusa De Manga Gode Com Falsos Botões  Encapados E Pala Embaixo Com Amarração;BLUSA;Laranja;100,00% POLIÉSTER;80147 LARANJA.jpg
80147;Blusa De Manga Gode Com Falsos Botões  Encapados E Pala Embaixo Com Amarração;BLUSA;Royal;100,00% POLIÉSTER;80147 ROYAL.jpg
80146;Blusa Ciganinha Com Elastex Embaixo Confort Flow;BLUSA;Vermelho;100,00% POLIESTER;80146 VERMELHO.jpg
80146;Blusa Ciganinha Com Elastex Embaixo Confort Flow;BLUSA;Marinho;100,00% POLIESTER;80146 MARINHO.jpg
80145;Blusa Viscolinho Regata Com Babados Cava;REGATA;Laranja;100,00% VISCOSE;80145 LARANJA.jpg
80145;Blusa Viscolinho Regata Com Babados Cava;REGATA;Verde;100,00% VISCOSE;80145 VERDE.jpg
80143;Blusa Viscolinho Manga Curta Godê Decote V Com Detalhe Em Pregas;BLUSA;Cidra;100,00% VISCOSE;80143 CIDRA.jpg
80142;Blusa Viscolinho Decote Quadrado Manga Curta Godê Com Abertura;BLUSA;Pink;100,00% VISCOSE;80142 PINK.jpg
80139;Blusa Manga 7/8 Com Babado Na Manga;BLUSA;Azul;100,00% POLIESTER;80139 AZUL.jpg
80139;Blusa Manga 7/8 Com Babado Na Manga;BLUSA;Coral;100,00% POLIESTER;80139-PP-CORAL.jpg
80139;Blusa Manga 7/8 Com Babado Na Manga;BLUSA;Coral;100,00% POLIESTER;80139 CORAL.jpg
80138;Blusa Manga Curta Com Babado E Laço Frente;BLUSA;Off White;100,00% POLIESTER;80138 OFF WHITE.jpg
80138;Blusa Manga Curta Com Babado E Laço Frente;BLUSA;Preto;100,00% POLIESTER;80138 PRETO.jpg
80137;Blusa Manga Longa , Punho Com Botões Encapados Franzido Nos Ombros;BLUSA;Branco;100,00% POLIESTER;80137 BRANCO.jpg
80137;Blusa Manga Longa , Punho Com Botões Encapados Franzido Nos Ombros;BLUSA;Preto;100,00% POLIESTER;80137 PRETO.jpg
80137;Blusa Manga Longa , Punho Com Botões Encapados Franzido Nos Ombros;BLUSA;Off White;100,00% POLIESTER;80137 OFF WHITE.jpg
80136;Blusa Cacharrel Manga Longa Malha Canelada E Botões Ombro Gola Alta;CACHARREL;Preto;  5,00% ELASTANO   95,00% POLIÉSTER;80136 PRETO.jpg
80136;Blusa Cacharrel Manga Longa Malha Canelada E Botões Ombro Gola Alta;CACHARREL;Vermelho;  5,00% ELASTANO   95,00% POLIÉSTER;80136 VERMELHO.jpg
80135;Cardigan Manga Longa Malha Canelada;CARDIGAN;Vermelho;  5,00% ELASTANO   95,00% POLIÉSTER;80135 VERMELHO.jpg
80134;Blusa Com Alça Larga E Babdo , Com Laço Decote;BLUSA;Preto;100,00% VISCOSE;80134 PRETO.jpg
80134;Blusa Com Alça Larga E Babdo , Com Laço Decote;BLUSA;Verde;100,00% VISCOSE;80134 VERDE.jpg
80134;Blusa Com Alça Larga E Babdo , Com Laço Decote;BLUSA;Rosa Chiclete;100,00% VISCOSE;80134 ROSA CHICLETE.jpg
80130;Blusa Mc  Malha Com Franja Barra;BLUSA;Preto;  1,00% ELASTANO   45,00% POLIESTER   54,00% VISCOSE;80130 PRETO.jpg
80129;Blusa Alça Larga C/ Botões Falsos E Amarração Lateral;BLUSA;Preto;100,00% VISCOSE;80129 PRETO.jpg
80129;Blusa Alça Larga C/ Botões Falsos E Amarração Lateral;BLUSA;Marinho;100,00% VISCOSE;80129 MARINHO.jpg
80129;Blusa Alça Larga C/ Botões Falsos E Amarração Lateral;BLUSA;Rosa;100,00% VISCOSE;80129 ROSA.jpg
80129;Blusa Alça Larga C/ Botões Falsos E Amarração Lateral;BLUSA;Nude;100,00% VISCOSE;80129 NUDE.jpg
80128;Blusa Com Botões Falso E Amarração Frente;BLUSA;Azul;  7,00% ELASTANO   93,00% VISCOSE;80128 AZUL.jpg
80125;Blusa;BLUSA;Azul Bebe;  5,50% ELASTANO   94,50% VISCOSE;80125 AZUL BEBE.jpg
80123;Blusa De Malha Decote V  Transpassado Na Barra Manga Curta;BLUSA;Verde; 50,00% ALGODAO   50,00% POLIESTER;80123 VERDE.jpg
80120;Blusa Babado Mangas;BLUSA;Branco;  3,00% ELASTANO   97,00% VISCOSE;80120 BRANCO.jpg
80119;Blusa Com Botão Manga Curta;BLUSA;Preto; 10,00% ELASTANO   90,00% POLIESTER;80119 PRETO.jpg
80119;Blusa Com Botão Manga Curta;BLUSA;Branco; 10,00% ELASTANO   90,00% POLIESTER;80119 BRANCO.jpg
80117;Cardigan Algodão Com Poliéster Texturizado Manga Longa;CARDIGAN;Verde; 20,00% ALGODÃO   80,00% POLIESTER;80117 VERDE.jpg
80114;Blusa De Malha Decote V Detalhe Transpassado Na Barra;BLUSA;Verde; 50,00% ALGODAO   50,00% POLIESTER;80114 VERDE.jpg
80111;Blusa Viscose E Poliéster Ciganinha Manga Com Elástico Decote Quadrado Com Botões;BLUSA;Laranja; 44,00% POLIESTER   56,00% VISCOSE;80111 LARANJA.jpg
80109;Blusa Poliéster Alça Larga Com Fivelas E Decote V;BLUSA;Azul;100,00% POLIESTER;80109 AZUL.jpg
80109;Blusa Poliéster Alça Larga Com Fivelas E Decote V;BLUSA;Coral;100,00% POLIESTER;80109 CORAL.jpg
80107;Blusa De Algodão Com Relevo Manga Bufante Com Elástico  E Decote Quadrado;BLUSA;Bege;100,00% ALGODAO;80107 BEGE.jpg
80103;Blusa Viscose Estampada Manga Curta Com Babado Duplo E Decote V;BLUSA;Coral;100,00% VISCOSE;80103 CORAL.jpg
